epoch,train_l_cls,train_l_score,train_total,feas_acc,auc,roc_auc,pr_auc,score_mae,score_rmse,score_spearman,topk_hit,precision_at_k,recall_at_k,topk_avg_true_score,topk_avg_score_norm,enrichment,composite
1,0.9861882729608504,0.004273741740779188,1.0075569739107226,0.29069767441860467,0.6465163934426229,0.6465163934426229,0.38513198750162236,0.06949370354413986,0.08045368641614914,0.04619261926192619,0.30000001192092896,0.30000001192092896,0.029999999329447746,0.0,0.0,1.0320000410079955,0.16767205672567587
2,0.9850825677152539,0.004014235218895264,1.0051537429700133,0.7093023255813954,0.6384426229508197,0.6384426229508197,0.3732952862919027,0.06956823170185089,0.08036347478628159,-0.002724272427242724,0.4000000059604645,0.4000000059604645,0.03999999910593033,0.041875556111335754,0.0752294317224793,1.3760000205039977,0.17609157335031175
3,0.983209966636095,0.0039640958230087505,1.0030304457320542,0.7093023255813954,0.6546311475409836,0.6546311475409836,0.3930049541152767,0.07014742493629456,0.08173877000808716,0.08127212721272127,0.30000001192092896,0.30000001192092896,0.029999999329447746,0.09457926452159882,0.16991163780064644,1.0320000410079955,0.2083115217263464
4,0.981323631083379,0.00403976635282218,1.001522460921866,0.7093023255813954,0.6545901639344263,0.6545901639344263,0.39823683539147425,0.06951969861984253,0.08031485974788666,0.05268526852685269,0.30000001192092896,0.30000001192092896,0.029999999329447746,0.24945013225078583,0.44813713380737535,1.0320000410079955,0.26319068756958436
5,0.9827689186471408,0.0039844489141107825,1.0026911575286115,0.7093023255813954,0.6629098360655737,0.6629098360655737,0.41235272218276275,0.06959454715251923,0.08102960884571075,0.08501650165016501,0.30000001192092896,0.30000001192092896,0.029999999329447746,0.14572028815746307,0.2617864808619062,1.0320000410079955,0.23480003500933716
6,0.9779954181342828,0.003908487954787666,0.9975378552421195,0.5552325581395349,0.6602459016393443,0.6602459016393443,0.41348623412277974,0.06939218193292618,0.08073374629020691,0.04828082808280828,0.4000000059604645,0.4000000059604645,0.03999999910593033,0.24796481430530548,0.4454687602896935,1.3760000205039977,0.27131632824711055
7,0.9580266690645062,0.003997492277613062,0.9780141320384916,0.5436046511627907,0.6586065573770492,0.6586065573770492,0.41079224445643986,0.06944706290960312,0.08072114735841751,0.09125712571257126,0.30000001192092896,0.30000001192092896,0.029999999329447746,0.0,0.0,1.0320000410079955,0.1824426101526674
8,0.9399626792454329,0.003726493876396877,0.9585951517839901,0.5697674418604651,0.655655737704918,0.655655737704918,0.408097669729124,0.06938822567462921,0.07999811321496964,-0.036771677167716774,0.4000000059604645,0.4000000059604645,0.03999999910593033,0.0,0.0,1.3760000205039977,0.17156189990665702
9,0.9389263704174855,0.003959118256910292,0.9587219650628137,0.5726744186046512,0.6572131147540984,0.6572131147540984,0.4139391415183134,0.0693979561328888,0.08057557791471481,0.027302730273027303,0.4000000059604645,0.4000000059604645,0.03999999910593033,0.05067235231399536,0.09103287508559686,1.3760000205039977,0.19851250438352655
10,0.9371539285925569,0.003831435849920648,0.9563111057046985,0.5755813953488372,0.6582786885245901,0.6582786885245901,0.4149594283575797,0.06970449537038803,0.08163071423768997,0.0037803780378037805,0.4000000059604645,0.4000000059604645,0.03999999910593033,0.05044008418917656,0.09061560542615861,1.3760000205039977,0.19648492996382308
11,0.9410595630036026,0.0038784026210272656,0.9604515775305326,0.5755813953488372,0.6597131147540983,0.6597131147540983,0.4150156914639717,0.0711265504360199,0.08398988097906113,-0.009852985298529853,0.4000000059604645,0.4000000059604645,0.03999999910593033,0.0,0.0,1.3760000205039977,0.1770209777875148
12,0.9404748902946222,0.0038877008654574145,0.9599133974216023,0.5668604651162791,0.6596311475409836,0.6596311475409836,0.4173057774930003,0.06943582743406296,0.08104483038187027,-0.03161116111611161,0.4000000059604645,0.4000000059604645,0.03999999910593033,0.03520697355270386,0.0632493239253076,1.3760000205039977,0.18841105940242958
13,0.9288697770384492,0.0037716980050241603,0.9477282694128694,0.5784883720930233,0.6605327868852459,0.6605327868852459,0.417180515242337,0.07123170047998428,0.08461343497037888,0.014665466546654666,0.4000000059604645,0.4000000059604645,0.03999999910593033,0.05044008418917656,0.09061560542615861,1.3760000205039977,0.1984618735686111
14,0.9339712438036184,0.0039086610176142485,0.9535145495758682,0.561046511627907,0.6573360655737704,0.6573360655737704,0.42304871656026616,0.06995785981416702,0.08104967325925827,0.03919591959195919,0.4000000059604645,0.4000000059604645,0.03999999910593033,0.1275278478860855,0.2291037640133914,1.3760000205039977,0.23095983111775975
15,0.9344385500814094,0.003746201683095366,0.9531695578919083,0.5668604651162791,0.6579918032786886,0.6579918032786886,0.42430953216539663,0.06960416585206985,0.08114894479513168,-0.03587158715871587,0.4000000059604645,0.4000000059604645,0.03999999910593033,0.03520697355270386,0.0632493239253076,1.3760000205039977,0.1907865186671277
16,0.9273896940418931,0.0038916030688760954,0.9468477114302213,0.5755813953488372,0.6573770491803279,0.6573770491803279,0.42192878559204167,0.06969080865383148,0.08070438355207443,-0.010837083708370837,0.4000000059604645,0.4000000059604645,0.03999999910593033,0.03520697355270386,0.0632493239253076,1.3760000205039977,0.19233767038282024
17,0.9327083503613707,0.003659527914858133,0.9510059933193394,0.563953488372093,0.6565573770491804,0.6565573770491804,0.4234125824985338,0.06946486234664917,0.08026091754436493,0.04757275727572757,0.4000000059604645,0.4000000059604645,0.03999999910593033,0.07269395887851715,0.13059468873794217,1.3760000205039977,0.21224124620635382
18,0.9227009229972715,0.0038953439550107865,0.9421776406100539,0.5581395348837209,0.6563524590163935,0.6563524590163935,0.42167093426724794,0.06935793161392212,0.08010076731443405,0.045196519651965195,0.4000000059604645,0.4000000059604645,0.03999999910593033,0.12068818509578705,0.21681631059976966,1.3760000205039977,0.22855128752382872
19,0.9242412926720791,0.0038361310468391194,0.9434219461972596,0.5755813953488372,0.6579918032786886,0.6579918032786886,0.42512723629407734,0.06983041018247604,0.08201815187931061,-0.023474347434743473,0.4000000059604645,0.4000000059604645,0.03999999910593033,0.05067235231399536,0.09103287508559686,1.3760000205039977,0.19791003452305506
20,0.9267959653354082,0.003674034401392717,0.9451661412833167,0.5755813953488372,0.6574180327868853,0.6574180327868853,0.4225787401787475,0.06976836174726486,0.08182809501886368,-0.016237623762376238,0.4000000059604645,0.4000000059604645,0.03999999910593033,0.15178444981575012,0.27268074658134556,1.3760000205039977,0.23394388274330963
21,0.9172465762154001,0.0037507215337293435,0.9360001859117727,0.561046511627907,0.6570081967213115,0.6570081967213115,0.42361760384432967,0.0694720447063446,0.08067534118890762,0.04822082208220822,0.4000000059604645,0.4000000059604645,0.03999999910593033,0.07269395887851715,0.13059468873794217,1.3760000205039977,0.21238806122532025
22,0.9224873927773022,0.003603768375125851,0.9405062354978968,0.5668604651162791,0.6591803278688525,0.6591803278688525,0.427078971395623,0.06937912851572037,0.08125761896371841,-0.027314731473147315,0.4000000059604645,0.4000000059604645,0.03999999910593033,0.10111244022846222,0.18164848720423907,1.3760000205039977,0.2164298125835614
23,0.9180204106158898,0.0036712812038413325,0.9363768169137298,0.5581395348837209,0.6574180327868853,0.6574180327868853,0.4250600794953016,0.06922966241836548,0.08095885068178177,-0.0010441044104410441,0.4000000059604645,0.4000000059604645,0.03999999910593033,0.0,0.0,1.3760000205039977,0.18191962108885562
24,0.9152014118726136,0.0036720608582445345,0.9335617149462465,0.5668604651162791,0.6586065573770492,0.6586065573770492,0.42532378072522864,0.06981456279754639,0.08214783668518066,-0.023246324632463247,0.4000000059604645,0.4000000059604645,0.03999999910593033,0.09222588688135147,0.16568379514147108,1.3760000205039977,0.21294163858691845
25,0.9168782703212051,0.0037361043562624055,0.9355587920204538,0.5581395348837209,0.6583196721311475,0.6583196721311475,0.42581447646884507,0.06918639689683914,0.08017057180404663,0.07093909390939093,0.4000000059604645,0.4000000059604645,0.03999999910593033,0.07269395887851715,0.13059468873794217,1.3760000205039977,0.21553863745784468
26,0.9066721669963149,0.00366026399080779,0.9249734907853798,0.5552325581395349,0.6604098360655738,0.6604098360655738,0.431179833165989,0.06916999816894531,0.08040052652359009,0.06967896789678968,0.4000000059604645,0.4000000059604645,0.03999999910593033,0.07269395887851715,0.13059468873794217,1.3760000205039977,0.21755876753544212
27,0.9135423253794186,0.003833876737607185,0.9327117106953605,0.5581395348837209,0.6601639344262296,0.6601639344262296,0.4321387052070899,0.0690717101097107,0.07999131083488464,0.0740954095409541,0.4000000059604645,0.4000000059604645,0.03999999910593033,0.07269395887851715,0.13059468873794217,1.3760000205039977,0.2183839605162989
28,0.9200710048441028,0.0034789077347892597,0.9374655485153198,0.5784883720930233,0.6618032786885246,0.6618032786885246,0.4334902277716113,0.06906615942716599,0.08035273849964142,0.02159015901590159,0.4000000059604645,0.4000000059604645,0.03999999910593033,0.10111244022846222,0.18164848720423907,1.3760000205039977,0.22388480418286158
29,0.9135695715419582,0.0036354713565593614,0.9317469323267702,0.5726744186046512,0.6613934426229509,0.6613934426229509,0.43446739678379853,0.06896355748176575,0.08061734586954117,0.025766576657665765,0.4000000059604645,0.4000000059604645,0.03999999910593033,0.10111244022846222,0.18164848720423907,1.3760000205039977,0.2246933135519129
30,0.9157595800571754,0.0036274868762120605,0.9338970174554919,0.5726744186046512,0.6621311475409836,0.6621311475409836,0.433440184282023,0.06887806951999664,0.08074082434177399,0.012685268526852686,0.4000000059604645,0.4000000059604645,0.03999999910593033,0.13029199838638306,0.23406956006825264,1.3760000205039977,0.23345851231092413
31,0.9093911266717755,0.0035871430510105414,0.9273268414325402,0.561046511627907,0.6616803278688524,0.6616803278688524,0.4326735147863053,0.06896249204874039,0.0805136188864708,0.05023702370237024,0.4000000059604645,0.4000000059604645,0.03999999910593033,0.0,0.0,1.3760000205039977,0.19009310801653825
32,0.911460780706562,0.003604046592954546,0.9294810070366156,0.5668604651162791,0.662172131147541,0.662172131147541,0.4347464971385521,0.06891119480133057,0.08070185035467148,0.04618061806180618,0.4000000059604645,0.4000000059604645,0.03999999910593033,0.10111244022846222,0.18164848720423907,1.3760000205039977,0.2268463578342284
33,0.9112641371664454,0.0035996867809444666,0.9292625726246443,0.5668604651162791,0.6624590163934426,0.6624590163934426,0.4366586582109381,0.06886230409145355,0.0804758369922638,0.038943894389438946,0.4000000059604645,0.4000000059604645,0.03999999910593033,0.10111244022846222,0.18164848720423907,1.3760000205039977,0.22688754989594606
34,0.922428231747424,0.003683291194334504,0.9408446911905632,0.561046511627907,0.6611475409836065,0.6611475409836065,0.43635591775092114,0.06906130909919739,0.08012352883815765,0.045460546054605463,0.4000000059604645,0.4000000059604645,0.03999999910593033,0.10111244022846222,0.18164848720423907,1.3760000205039977,0.22741811887845592
35,0.9129431716731338,0.003624022050882827,0.9310632787767004,0.5697674418604651,0.6636065573770492,0.6636065573770492,0.4380245378730744,0.06881886720657349,0.08042275160551071,0.04226822682268227,0.4000000059604645,0.4000000059604645,0.03999999910593033,0.10111244022846222,0.18164848720423907,1.3760000205039977,0.2277663350041249
36,0.912014615340311,0.0035354885650554398,0.929692054381136,0.5930232558139535,0.6643442622950819,0.6643442622950819,0.4378473812932495,0.06879421323537827,0.08121098577976227,0.016717671767176718,0.4000000059604645,0.4000000059604645,0.03999999910593033,0.050672005861997604,0.09103225268462287,1.3760000205039977,0.20701716996272115
