epoch,train_l_cls,train_l_score,train_l_rank,train_l_fail,train_total,feas_acc,auc,roc_auc,pr_auc,score_mae,score_rmse,score_spearman,topk_hit,precision_at_k,recall_at_k,topk_avg_true_score,topk_avg_score_norm,enrichment,composite
1,0.2667417321048799,0.006082824395099258,0.005568780554611174,0.48398044919137095,0.37240503997099206,0.29069767441860467,0.5841803278688524,0.5841803278688524,0.3310515489612461,0.0700477808713913,0.08153896778821945,0.139021902190219,0.20000000298023224,0.20000000298023224,0.019999999552965164,0.0,0.0,0.6880000102519989,0.1523228096694099
2,0.2634154167331633,0.00542690405206083,0.00953137111224112,0.04630730029378758,0.28286946503842464,0.7093023255813954,0.638360655737705,0.638360655737705,0.3756045785701508,0.06959057599306107,0.08036474883556366,0.09202520252025202,0.30000001192092896,0.30000001192092896,0.029999999329447746,0.0,0.0,1.0320000410079955,0.16844435147891984
3,0.25654200720982473,0.005470589356741212,0.01223363385337298,0.023347267682557224,0.2727988660335541,0.29069767441860467,0.6357377049180328,0.6357377049180328,0.37338439870754997,0.06958487629890442,0.08036721497774124,0.031683168316831684,0.30000001192092896,0.30000001192092896,0.029999999329447746,0.08142807334661484,0.14628552437215134,1.0320000410079955,0.19077918098796776
4,0.25336003425668496,0.005429139143222424,0.02004777847743425,0.016498191518800668,0.2721127012714011,0.29069767441860467,0.6351639344262295,0.6351639344262295,0.36888395301589355,0.07110825926065445,0.0834207534790039,-0.23397539753975397,0.4000000059604645,0.4000000059604645,0.03999999910593033,0.0,0.0,1.3760000205039977,0.1361560411841611
5,0.24886650726443432,0.00526277647452948,0.013552132016811215,0.012668931062837115,0.263439133519032,0.29069767441860467,0.6372131147540984,0.6372131147540984,0.3739770187081407,0.06964415311813354,0.08064951002597809,-0.17516951695169516,0.4000000059604645,0.4000000059604645,0.03999999910593033,0.0,0.0,1.3760000205039977,0.14407385551986587
6,0.24896967899603922,0.004549724674882886,0.011285459897557243,0.009399944229326287,0.2610421246681057,0.7093023255813954,0.645327868852459,0.645327868852459,0.3854346227835462,0.0698208212852478,0.08093743026256561,-0.13284128412841284,0.4000000059604645,0.4000000059604645,0.03999999910593033,0.0,0.0,1.3760000205039977,0.15288972043235627
7,0.24879310023589213,0.004603453791608698,0.009963890842971255,0.005802852242849156,0.2595390694551781,0.7093023255813954,0.6326639344262295,0.6326639344262295,0.37088338836382156,0.06953299790620804,0.08052539080381393,-0.025790579057905792,0.4000000059604645,0.4000000059604645,0.03999999910593033,0.08731687068939209,0.15686474811901055,1.3760000205039977,0.18914724679531925
8,0.24685054455624253,0.004633640525022857,0.012906579087015058,0.0052658505527852255,0.258990646630037,0.7093023255813954,0.6519262295081967,0.6519262295081967,0.3934873495095285,0.0711604654788971,0.08352770656347275,0.08945694569456945,0.4000000059604645,0.4000000059604645,0.03999999910593033,0.2441125214099884,0.43854811654772785,1.3760000205039977,0.266050257414593
9,0.2455450259759778,0.004809689958060741,0.011070755478300031,0.004255339581534633,0.25674116293914984,0.7093023255813954,0.643360655737705,0.643360655737705,0.38067596859146136,0.07086897641420364,0.08348505198955536,0.0773117311731173,0.30000001192092896,0.30000001192092896,0.029999999329447746,0.14572028815746307,0.2617864808619062,1.0320000410079955,0.22135885652511184
10,0.24793754469175808,0.004940018227675044,0.013072766791113088,0.005315441199288261,0.2604770340391847,0.6075581395348837,0.6481557377049181,0.6481557377049181,0.38889578562395166,0.07163511961698532,0.08429475128650665,0.0892889288928893,0.30000001192092896,0.30000001192092896,0.029999999329447746,0.14572027325630188,0.2617864540919719,1.0320000410079955,0.2258444977560983
11,0.24579437516751837,0.004593579674933533,0.010608536389763237,0.005159783249598791,0.25672417976817147,0.6976744186046512,0.6505327868852459,0.6505327868852459,0.39525913021639547,0.06951836496591568,0.0809246227145195,0.07360336033603361,0.30000001192092896,0.30000001192092896,0.029999999329447746,0.14572027325630188,0.2617864540919719,1.0320000410079955,0.22682127873739025
12,0.24435899125747992,0.004616359500672485,0.009713245830574974,0.003523531096002667,0.2545366770908481,0.7209302325581395,0.6551639344262296,0.6551639344262296,0.4027406231017448,0.07070670276880264,0.08289889991283417,0.05670567056705671,0.30000001192092896,0.30000001192092896,0.029999999329447746,0.14572028815746307,0.2617864808619062,1.0320000410079955,0.22812411226861917
13,0.24406326501095882,0.003926955782770194,0.009034526946603274,0.0034086385686484884,0.25318921125326,0.5697674418604651,0.6577049180327869,0.6577049180327869,0.40904428107342683,0.06936228275299072,0.08072396367788315,0.049000900090009,0.30000001192092896,0.30000001192092896,0.029999999329447746,0.19723527133464813,0.354333142196002,1.0320000410079955,0.24838443067640634
14,0.2429398080853165,0.004054307412798898,0.0050557132688213565,0.0033404083424400477,0.2501900523412423,0.5755813953488372,0.6596311475409836,0.6596311475409836,0.40799014556743873,0.07088085263967514,0.08340136706829071,0.05076507650765077,0.30000001192092896,0.30000001192092896,0.029999999329447746,0.14572027325630188,0.2617864540919719,1.0320000410079955,0.22962985649496928
15,0.239459080041432,0.004326349640547558,0.006138097433770289,0.0020230009586008294,0.24725907943287834,0.5755813953488372,0.6593852459016394,0.6593852459016394,0.41203002569058067,0.0708048939704895,0.0834474191069603,0.05815781578157816,0.4000000059604645,0.4000000059604645,0.03999999910593033,0.19723527133464813,0.354333142196002,1.3760000205039977,0.2534944200253696
16,0.23816130224798546,0.004137549938664573,0.008817913346603269,0.003566627226556178,0.24742113469076937,0.5668604651162791,0.657827868852459,0.657827868852459,0.41079341562699273,0.07014106959104538,0.08241485059261322,0.0444044404440444,0.30000001192092896,0.30000001192092896,0.029999999329447746,0.14572027325630188,0.2617864540919719,1.0320000410079955,0.23011510091243023
17,0.2370691687845793,0.004238950624894045,0.006265193162882914,0.002755286314211725,0.24499177346464063,0.5668604651162791,0.6592213114754099,0.6592213114754099,0.4097744436049215,0.06982716172933578,0.08139406889677048,0.016777677767776777,0.30000001192092896,0.30000001192092896,0.029999999329447746,0.24384066462516785,0.4380597258651641,1.0320000410079955,0.26219949019061345
18,0.23569286162735986,0.004264971726100708,0.013301772233404096,0.0022824935507235406,0.24706521581430904,0.561046511627907,0.6578688524590164,0.6578688524590164,0.4132744060489532,0.07016768306493759,0.08131309598684311,0.01246924692469247,0.30000001192092896,0.30000001192092896,0.029999999329447746,0.07419856637716293,0.13329771593566006,1.0320000410079955,0.20221623009801687
19,0.23722282418462096,0.004186272846351638,0.008856785834812727,0.003139061778860136,0.24646530361449132,0.5523255813953488,0.6556967213114754,0.6556967213114754,0.4101258777285882,0.07041142135858536,0.08150111138820648,-0.03123912391239124,0.30000001192092896,0.30000001192092896,0.029999999329447746,0.07419856637716293,0.13329771593566006,1.0320000410079955,0.19658598168616248
20,0.235253742728077,0.004053865192022907,0.015004926040524343,0.0017809116522033439,0.24716625130567393,0.5494186046511628,0.6565573770491804,0.6565573770491804,0.42010238502610564,0.06954418867826462,0.08008353412151337,0.04880888088808881,0.4000000059604645,0.4000000059604645,0.03999999910593033,0.12068818509578705,0.21681631059976966,1.3760000205039977,0.22828510395098417
21,0.2351092637562361,0.0038657681930611733,0.006470573669085737,0.001760709004049174,0.2425624620719034,0.5581395348837209,0.6573360655737704,0.6573360655737704,0.415787075587685,0.06957972794771194,0.08037222921848297,-0.014197419741974197,0.4000000059604645,0.4000000059604645,0.03999999910593033,0.07269395887851715,0.13059468873794217,1.3760000205039977,0.20301402574024413
22,0.23578034756613558,0.004127662472396356,0.010544072592356166,0.002062259726684357,0.2455924996098534,0.561046511627907,0.6564344262295082,0.6564344262295082,0.4119573347693669,0.06952504813671112,0.08013135194778442,0.07720372037203721,0.4000000059604645,0.4000000059604645,0.03999999910593033,0.19141338765621185,0.34387412883941093,1.3760000205039977,0.2532781314446118
23,0.23531200162699964,0.0041310911326379075,0.014143763079506452,0.0016909170825202323,0.24685315714507808,0.5406976744186046,0.656188524590164,0.656188524590164,0.4211707335207882,0.06961867958307266,0.08034813404083252,-0.0030243024302430243,0.4000000059604645,0.4000000059604645,0.03999999910593033,0.07819420844316483,0.1404758864462216,1.3760000205039977,0.2082610401863144
24,0.23623650679822827,0.004039148256167403,0.013869055653693245,0.002486712459596943,0.2477075230391299,0.5697674418604651,0.6565573770491804,0.6565573770491804,0.4135448921250941,0.0695621520280838,0.08011860400438309,0.10043804380438044,0.4000000059604645,0.4000000059604645,0.03999999910593033,0.26170614361763,0.4701550568138317,1.3760000205039977,0.2814927723250211
25,0.2323542794243234,0.0041104947487808395,0.012176905926622328,0.0018933719485906548,0.2429319019200372,0.5552325581395349,0.6577459016393442,0.6577459016393442,0.43157985806644383,0.06938078254461288,0.08035507798194885,-0.006348634863486349,0.4000000059604645,0.4000000059604645,0.03999999910593033,0.03520697355270386,0.0632493239253076,1.3760000205039977,0.19664694425706952
26,0.23458079456305894,0.0041048092210329455,0.00831383518630364,0.0017685456049712528,0.24319623044279756,0.5581395348837209,0.6563934426229509,0.6563934426229509,0.42136537167388133,0.06941377371549606,0.08109433203935623,0.08975697569756975,0.4000000059604645,0.4000000059604645,0.03999999910593033,0.0,0.0,1.3760000205039977,0.1895218459710886
27,0.23455444589012958,0.0037604002129347598,0.00592682993070024,0.0015558604586136634,0.24158943285707568,0.561046511627907,0.6569672131147541,0.6569672131147541,0.42672995377582007,0.06927745789289474,0.08049183338880539,0.07585958595859586,0.4000000059604645,0.4000000059604645,0.03999999910593033,0.17198219895362854,0.3089660005771598,1.3760000205039977,0.2520711399533987
28,0.23335004316978766,0.004030176717024602,0.012084980052514155,0.0017283092959990084,0.24376837322946454,0.563953488372093,0.6570901639344262,0.6570901639344262,0.42630011159273534,0.06921136379241943,0.08065567165613174,0.038115811581158114,0.4000000059604645,0.4000000059604645,0.03999999910593033,0.13323543965816498,0.23935745197339925,1.3760000205039977,0.2342031159216689
29,0.23347792713368526,0.003863429219355104,0.004552360807285934,0.0017283805216601516,0.23996321197415962,0.561046511627907,0.6574590163934426,0.6574590163934426,0.43123816834221895,0.06921233236789703,0.08071077615022659,0.06901890189018901,0.4000000059604645,0.4000000059604645,0.03999999910593033,0.14641550183296204,0.26303543214972747,1.3760000205039977,0.24400424368763107
30,0.2343604926203118,0.003758218330254809,0.0072736672018883656,0.0013769201676220037,0.2420309300793976,0.5581395348837209,0.6574590163934426,0.6574590163934426,0.43303367144338856,0.06991244852542877,0.08231864869594574,0.07601560156015602,0.4000000059604645,0.4000000059604645,0.03999999910593033,0.19723527133464813,0.354333142196002,1.3760000205039977,0.2636816569043505
31,0.2338613200871671,0.003936491194791848,0.01363880352162924,0.0014612446567730704,0.2449094631144258,0.5552325581395349,0.6586885245901639,0.6586885245901639,0.43686379695767324,0.06910820305347443,0.08082250505685806,0.03227122712271227,0.4000000059604645,0.4000000059604645,0.03999999910593033,0.14641551673412323,0.26303545891966185,1.3760000205039977,0.242579733011052
32,0.23230499053587678,0.00397137290088185,0.008719220665878937,0.0011949918555385875,0.2408749720112222,0.5552325581395349,0.6585245901639344,0.6585245901639344,0.4363794013679205,0.06907876580953598,0.08078260719776154,0.06707470747074708,0.4000000059604645,0.4000000059604645,0.03999999910593033,0.19723527133464813,0.354333142196002,1.3760000205039977,0.26412585946522243
33,0.23256249481537303,0.003923428267790157,0.013722972669562355,0.001447856116831898,0.24363697991996516,0.5581395348837209,0.6585655737704919,0.6585655737704919,0.4357727905472987,0.06905928254127502,0.08044210076332092,0.0777917791779178,0.4000000059604645,0.4000000059604645,0.03999999910593033,0.14572028815746307,0.2617864808619062,1.3760000205039977,0.24644559004087163
34,0.23285462914920244,0.00400939114491043,0.01561956095402358,0.0016053944986435722,0.24499487828035824,0.5755813953488372,0.6582786885245901,0.6582786885245901,0.417183727343416,0.06900476664304733,0.08059588819742203,0.051773177317731775,0.4000000059604645,0.4000000059604645,0.03999999910593033,0.22744274139404297,0.4086008586724147,1.3760000205039977,0.2657709801354016
35,0.23269856000532868,0.003815531507363451,0.0073111550729782855,0.0014512716972872187,0.2404599216629247,0.5581395348837209,0.659672131147541,0.659672131147541,0.42951663729746026,0.06902531534433365,0.07990878820419312,0.01044104410441044,0.4000000059604645,0.4000000059604645,0.03999999910593033,0.07601045072078705,0.13655276594992843,1.3760000205039977,0.21216131225118992
36,0.23351655045493705,0.003888304068584789,0.007155437022447586,0.0013202683736291546,0.24124662773530992,0.5552325581395349,0.6594262295081967,0.6594262295081967,0.42769054961652053,0.06913380324840546,0.08015891909599304,0.0915931593159316,0.4000000059604645,0.4000000059604645,0.03999999910593033,0.1729823648929596,0.31076279857177047,1.3760000205039977,0.2543880952243346
37,0.23347181985612775,0.003739560837857425,0.005875656594995593,0.0014277510531055817,0.2404347599529829,0.5523255813953488,0.6593032786885246,0.6593032786885246,0.43076808285880347,0.06903547048568726,0.08023852109909058,0.1031023102310231,0.4000000059604645,0.4000000059604645,0.03999999910593033,0.17525316774845123,0.31484229563965954,1.3760000205039977,0.2575859230263347
38,0.23313181077847717,0.003786531770334686,0.00451630424158495,0.0013884598464174501,0.2394541853764018,0.5552325581395349,0.6588524590163934,0.6588524590163934,0.42764036225056024,0.06903456896543503,0.07997843623161316,0.05078907890789079,0.4000000059604645,0.4000000059604645,0.03999999910593033,0.19173726439476013,0.3444559733628445,1.3760000205039977,0.2570262471953612
39,0.2305059381684319,0.0036924784033574532,0.015523200213420586,0.0011371090799688407,0.24218743892966724,0.5465116279069767,0.6581967213114754,0.6581967213114754,0.428830510409343,0.06918016076087952,0.07987392693758011,0.030735073507350736,0.4000000059604645,0.4000000059604645,0.03999999910593033,0.0,0.0,1.3760000205039977,0.1866057112462514
40,0.23063206159677663,0.003901378493030846,0.01113283634185791,0.001037704908159241,0.24030739997254044,0.5523255813953488,0.6587704918032787,0.6587704918032787,0.4286943899814341,0.06919869780540466,0.08031386137008667,0.055757575757575756,0.4000000059604645,0.4000000059604645,0.03999999910593033,0.18495352566242218,0.3322689875128964,1.3760000205039977,0.25550731080268957
41,0.23076649987306752,0.003684652127615619,0.006351694281472534,0.0009571596710288088,0.23781843043741632,0.561046511627907,0.6600819672131147,0.6600819672131147,0.4229254376159656,0.06922552734613419,0.08073951303958893,0.06475847584758476,0.4000000059604645,0.4000000059604645,0.03999999910593033,0.14641551673412323,0.26303545891966185,1.3760000205039977,0.2402531141468562
42,0.23150638063422968,0.003910227548941726,0.014613158756592234,0.001152779435124401,0.24295374140387677,0.5523255813953488,0.6598360655737705,0.6598360655737705,0.43217753116296265,0.06910037249326706,0.08006389439105988,0.028322832283228322,0.4000000059604645,0.4000000059604645,0.03999999910593033,0.2626563608646393,0.4718621219884493,1.3760000205039977,0.28207571982297686
43,0.23224328653734239,0.003792088244064543,0.00983131108958213,0.0011901842152554785,0.2411890662595874,0.5581395348837209,0.6600819672131147,0.6600819672131147,0.43478238346561887,0.06884033977985382,0.08003551512956619,0.0895049504950495,0.4000000059604645,0.4000000059604645,0.03999999910593033,0.2433299571275711,0.4371422399046562,1.3760000205039977,0.28229189614846284
44,0.2299126479469362,0.0038565428169886964,0.018281760885090124,0.0013468172871145098,0.24317943414703744,0.5581395348837209,0.6609426229508196,0.6609426229508196,0.43735633041705213,0.06899219006299973,0.07985411584377289,0.0899009900990099,0.4000000059604645,0.4000000059604645,0.03999999910593033,0.2680695056915283,0.4815868360453954,1.3760000205039977,0.29224999811758
45,0.23283348195865505,0.003694586492082501,0.009334534101310323,0.0014709317298094574,0.24148952399120957,0.5552325581395349,0.6609426229508196,0.6609426229508196,0.4378657556624061,0.06889645010232925,0.07996013760566711,0.10343834383438344,0.4000000059604645,0.4000000059604645,0.03999999910593033,0.19922813773155212,0.3579133264481062,1.3760000205039977,0.26907280166980113
46,0.23049524402032134,0.00391914211423518,0.010158262108681633,0.0010184510520346401,0.2396972071929056,0.5668604651162791,0.6620081967213115,0.6620081967213115,0.4499399702387294,0.06900859624147415,0.08024802803993225,0.09578157815781578,0.5,0.5,0.05000000074505806,0.221897155046463,0.39863821343882827,1.72,0.28428178882255645
47,0.22901222085366485,0.003936988393180683,0.009324824437499046,0.001109100616781316,0.23783344250233446,0.5523255813953488,0.6618032786885246,0.6618032786885246,0.4560625692010863,0.0690133348107338,0.0802248939871788,0.0931893189318932,0.6000000238418579,0.6000000238418579,0.05999999865889549,0.09490052610635757,0.1704887842005989,2.064000082015991,0.2438417160114123
48,0.23235439716792497,0.003792590165861928,0.008371540207843312,0.0012814191064595046,0.24058903900326276,0.5523255813953488,0.6617622950819673,0.6617622950819673,0.4453498634588863,0.06897590309381485,0.07983008027076721,0.09176117611761177,0.5,0.5,0.05000000074505806,0.1983320564031601,0.3563035164450384,1.72,0.2735767665078408
49,0.23102250377662847,0.0038124588489929427,0.011752008231448346,0.0011856823763142141,0.240948101291891,0.563953488372093,0.6606147540983607,0.6606147540983607,0.43925973878284863,0.06897344440221786,0.08001851290464401,0.08894089408940895,0.5,0.5,0.05000000074505806,0.14641551673412323,0.26303545891966185,1.72,0.25220507692953015
50,0.23092482129081351,0.0039408346723963615,0.006252873811076899,0.0015048894162392854,0.23829306979648401,0.5784883720930233,0.6625409836065573,0.6625409836065573,0.43289196907552446,0.06905943900346756,0.08038882166147232,0.10135013501350135,0.4000000059604645,0.4000000059604645,0.03999999910593033,0.14641550183296204,0.26303543214972747,1.3760000205039977,0.24789888729328452
51,0.23091397251262039,0.0038179363645078827,0.012992942308793302,0.0008825799777099984,0.24140489736541373,0.5813953488372093,0.6634016393442623,0.6634016393442623,0.43643448829420667,0.06880364567041397,0.08029015362262726,0.10827482748274828,0.4000000059604645,0.4000000059604645,0.03999999910593033,0.19723527133464813,0.354333142196002,1.3760000205039977,0.268267906236937
52,0.23175661387990731,0.0038764761802816735,0.01626016694258471,0.001140061126102037,0.24399118345291887,0.5523255813953488,0.6636475409836066,0.6636475409836066,0.4509985330942751,0.06885970383882523,0.07998384535312653,0.07948394839483948,0.5,0.5,0.05000000074505806,0.2721189260482788,0.48886161924908195,1.72,0.3011201321505278
53,0.2315115933535529,0.003664719910345605,0.00534014208394973,0.0017235143323425111,0.23819108502786668,0.5552325581395349,0.663155737704918,0.663155737704918,0.45036672676591083,0.06885098665952682,0.0798821821808815,0.05812181218121812,0.5,0.5,0.05000000074505806,0.23725762963294983,0.4262333042611846,1.72,0.2862055330002405
54,0.2277125357115855,0.003787111779140522,0.012608722279794881,0.001318797188597258,0.23806776888057835,0.5523255813953488,0.662172131147541,0.662172131147541,0.44488200727807736,0.0688701793551445,0.0800175592303276,0.07434743474347434,0.5,0.5,0.05000000074505806,0.15169796347618103,0.2725253738822883,1.72,0.25489262138555346
55,0.22915423380546882,0.0036806435902511365,0.009336580751372165,0.001052266002306333,0.23771362153233075,0.5581395348837209,0.6636475409836066,0.6636475409836066,0.4413208666465381,0.06909558922052383,0.07959336042404175,0.0800960096009601,0.5,0.5,0.05000000074505806,0.15296988189220428,0.2748103751699222,1.72,0.2545000228762131
56,0.2315825392476848,0.0037758743703426396,0.006375252223405682,0.0010592263816000863,0.23875788733607434,0.5465116279069767,0.6632786885245902,0.6632786885245902,0.44656904386702007,0.06940139830112457,0.08004599064588547,-0.0637023702370237,0.5,0.5,0.05000000074505806,0.0362679585814476,0.06515538340703096,1.72,0.20028845742802925
57,0.23059412837028503,0.003800649856232473,0.005814710662501757,0.0009965200263903798,0.23750143925674627,0.5552325581395349,0.6632377049180328,0.6632377049180328,0.4467689525890932,0.06950623542070389,0.08032657951116562,-0.04831683168316832,0.5,0.5,0.05000000074505806,0.0362679585814476,0.06515538340703096,1.72,0.20190697477224406
58,0.23075766324019822,0.0038655817043036222,0.006730437156606893,0.0008756245095683567,0.2381635889655254,0.5552325581395349,0.6632786885245902,0.6632786885245902,0.4472953526481531,0.06960892677307129,0.08036641776561737,-0.05704170417041704,0.5,0.5,0.05000000074505806,0.1076907142996788,0.1934663558141888,1.72,0.22690724202857473
59,0.22798357366538438,0.003771099348773905,0.0076173475531281015,0.0008394659851576568,0.23573124091156195,0.563953488372093,0.6639344262295082,0.6639344262295082,0.45159393277309695,0.06940006464719772,0.08045528084039688,0.08654065406540654,0.6000000238418579,0.6000000238418579,0.05999999865889549,0.1122954711318016,0.20173880093180788,2.064000082015991,0.24763939829980966
60,0.22876835357947428,0.003761289434194504,0.009287832060553988,0.0008890704305739462,0.2373513735708643,0.5668604651162791,0.6645491803278688,0.6645491803278688,0.45561864416854037,0.06898168474435806,0.08020350337028503,0.035127512751275125,0.6000000238418579,0.6000000238418579,0.05999999865889549,0.1947055160999298,0.34978843720870967,2.064000082015991,0.2737178959819543
61,0.23005722756268548,0.003801404164539131,0.005139533857830236,0.0010320072596201857,0.23663480018005997,0.5523255813953488,0.6657786885245902,0.6657786885245902,0.4656188998110422,0.06894008815288544,0.07973713427782059,0.038067806780678067,0.800000011920929,0.800000011920929,0.07999999821186066,0.1546662300825119,0.2778578644980878,2.7520000410079954,0.26962591296566046
62,0.23009381162338569,0.003776699144271065,0.004572704861887166,0.0009808665454925846,0.23635303656585882,0.563953488372093,0.6657377049180327,0.6657377049180327,0.4616246614753121,0.06864742189645767,0.08030658960342407,0.06838283828382838,0.699999988079071,0.699999988079071,0.07000000029802322,0.14951792359352112,0.2686089324846193,2.4079999589920043,0.2662099350048386
63,0.23000455366783454,0.0035498163597963628,0.010099744821181063,0.0007669441333970009,0.23875763255064605,0.561046511627907,0.6663934426229509,0.6663934426229509,0.46733018223610384,0.06864742189645767,0.07991538196802139,0.06964296429642965,0.800000011920929,0.800000011920929,0.07999999821186066,0.11287523806095123,0.2027803521531326,2.7520000410079954,0.2584524392182692
64,0.22632076823320546,0.003951718358964217,0.009662749948071652,0.000954087602965091,0.23529467841640847,0.5726744186046512,0.6665983606557377,0.6665983606557377,0.4676203769588073,0.06869738548994064,0.0803748369216919,0.05764176417641764,0.800000011920929,0.800000011920929,0.07999999821186066,0.1636366844177246,0.29397328467630063,2.7520000410079954,0.27560698359998304
65,0.2280920375077451,0.0037441508301541393,0.008622912476297285,0.0007601976759643981,0.23629968283606356,0.563953488372093,0.6663934426229509,0.6663934426229509,0.47084584733354345,0.0686638206243515,0.08028034120798111,0.06047404740474047,0.800000011920929,0.800000011920929,0.07999999821186066,0.21547913551330566,0.38710824208801203,2.7520000410079954,0.29580739155505203
66,0.22849307294751778,0.003766603485421568,0.008048860569957827,0.000856408709326194,0.23645538897787938,0.563953488372093,0.6671311475409836,0.6671311475409836,0.4710006479455787,0.06859081238508224,0.08026367425918579,0.0627902790279028,0.800000011920929,0.800000011920929,0.07999999821186066,0.1647176742553711,0.29591528279490964,2.7520000410079954,0.2778623431035619
67,0.2303170701030825,0.0037742055228293003,0.010863341574297577,0.0010735435968600823,0.23973765358573101,0.563953488372093,0.6666393442622951,0.6666393442622951,0.46525210148501606,0.06851378083229065,0.07987354695796967,0.06395439543954395,0.800000011920929,0.800000011920929,0.07999999821186066,0.2180142104625702,0.39166250394187285,2.7520000410079954,0.2948287803898936
68,0.2297549049873821,0.0036643861037236256,0.009217938499861076,0.0008092953141952377,0.23819012109373436,0.5552325581395349,0.6666803278688525,0.6666803278688525,0.4675165976959511,0.06857156753540039,0.07963225990533829,0.05798979897989799,0.800000011920929,0.800000011920929,0.07999999821186066,0.30293431878089905,0.544221468737803,2.7520000410079954,0.325649912187489
69,0.2297500604000248,0.0036880834234237184,0.008420264134641553,0.0007541996516815967,0.23779911486828914,0.563953488372093,0.6659016393442623,0.6659016393442623,0.46011002993691436,0.06841106712818146,0.07970131933689117,0.0773117311731173,0.699999988079071,0.699999988079071,0.07000000029802322,0.26874375343322754,0.4827981220355644,2.4079999589920043,0.3093348095885974
70,0.22765393799445668,0.0037026471309516517,0.013183329101712977,0.0005639797140038802,0.2380610477240359,0.5726744186046512,0.6667213114754098,0.6667213114754098,0.4588434491373992,0.06831124424934387,0.07987789064645767,0.08016801680168016,0.699999988079071,0.699999988079071,0.07000000029802322,0.34996920824050903,0.6287196422251812,2.4079999589920043,0.33829810986957093
71,0.22934179081291448,0.0037516009093063775,0.0077134817227965495,0.0006412594368574915,0.23707838209926105,0.563953488372093,0.6664344262295082,0.6664344262295082,0.4612302843357357,0.06853193044662476,0.0797499343752861,0.07252325232523252,0.699999988079071,0.699999988079071,0.07000000029802322,0.35070109367370605,0.6300344743214759,2.4079999589920043,0.33875133392051965
72,0.227813471291886,0.003921447177684759,0.011027452764941043,0.0006503360767010981,0.2373787130488724,0.5552325581395349,0.6670491803278689,0.6670491803278689,0.46708354416246955,0.06884981691837311,0.0796261727809906,0.05641764176417642,0.800000011920929,0.800000011920929,0.07999999821186066,0.2610587477684021,0.4689920102453893,2.7520000410079954,0.31027358335404154
73,0.22831394095889856,0.003648109130273176,0.01038049588926503,0.0006964132186768722,0.23729158180658935,0.5668604651162791,0.6670491803278689,0.6670491803278689,0.46231638486262305,0.06875638663768768,0.07958977669477463,0.07239123912391239,0.800000011920929,0.800000011920929,0.07999999821186066,0.18128859996795654,0.3256849489256422,2.7520000410079954,0.28130266710612706
74,0.22936945396368622,0.0039002668803374543,0.0069748505217130065,0.0006379308811194248,0.2368847322268564,0.5552325581395349,0.6670901639344262,0.6670901639344262,0.45927274194765666,0.06893351674079895,0.079683817923069,0.0996939693969397,0.699999988079071,0.699999988079071,0.07000000029802322,0.15412667393684387,0.27688855194464834,2.4079999589920043,0.27005620419709325
75,0.2291156588519206,0.0038086078301469077,0.011328805787641495,0.0007533671473464013,0.23873934223026524,0.5465116279069767,0.6673770491803279,0.6673770491803279,0.4656232850513582,0.06907674670219421,0.07959835976362228,0.14737473747374738,0.800000011920929,0.800000011920929,0.07999999821186066,0.0362679585814476,0.06515538340703096,2.7520000410079954,0.2380178639128824
76,0.22869307682162426,0.003876575783131736,0.00691302841315504,0.0006314957645372488,0.23615246693618963,0.5581395348837209,0.6670491803278689,0.6670491803278689,0.4613345218700587,0.06893764436244965,0.07949787378311157,0.1477827782778278,0.699999988079071,0.699999988079071,0.07000000029802322,0.1312355250120163,0.23576460554234013,2.4079999589920043,0.26746500777368126
77,0.22979700027919206,0.0037745088381792007,0.013491590980623589,0.0007990387399093111,0.24047711320587847,0.5581395348837209,0.6679098360655737,0.6679098360655737,0.46531348341897305,0.0689023956656456,0.07946252822875977,0.1408820882088209,0.699999988079071,0.699999988079071,0.07000000029802322,0.1312355250120163,0.23576460554234013,2.4079999589920043,0.2683665233863463
78,0.2307051859918188,0.0038634469984557295,0.012296457576458572,0.0007408720372697018,0.2408650351352379,0.563953488372093,0.668483606557377,0.668483606557377,0.4676427763577594,0.06896593421697617,0.07950548082590103,0.1772937293729373,0.800000011920929,0.800000011920929,0.07999999821186066,0.076027512550354,0.1365834175247769,2.7520000410079954,0.25610316644891107
79,0.22951374923596618,0.0037613906534999363,0.011549401784040889,0.00080610239593461,0.2392110597403323,0.5581395348837209,0.6685655737704918,0.6685655737704918,0.46722711619353063,0.06901185214519501,0.07957448810338974,0.1406060606060606,0.800000011920929,0.800000011920929,0.07999999821186066,0.076027512550354,0.1365834175247769,2.7520000410079954,0.25226813550653193
80,0.2297858590962457,0.003658532844398354,0.004656717059065084,0.0007147693234356502,0.23591570507307522,0.561046511627907,0.6697131147540983,0.6697131147540983,0.47207338444238994,0.0688224732875824,0.0796234980225563,0.11067506750675067,0.8999999761581421,0.8999999761581421,0.09000000357627869,0.10137810558080673,0.18212575497907393,3.0959999179840088,0.2633220125963295
81,0.22846763202401457,0.0037756759728702,0.012634577687646522,0.000730964257004938,0.23870678930008998,0.561046511627907,0.6688934426229508,0.6688934426229508,0.4724525961478521,0.06887347996234894,0.07947855442762375,0.10313831383138314,0.8999999761581421,0.8999999761581421,0.09000000357627869,0.05338386818766594,0.09590411303979565,3.0959999179840088,0.24547569352312193
82,0.2284423374250287,0.003723387262921353,0.012523278532946696,0.0009076109681551375,0.2386088864725144,0.561046511627907,0.6687704918032787,0.6687704918032787,0.47217065941101055,0.06883034110069275,0.07956887036561966,0.08276027602760276,0.800000011920929,0.800000011920929,0.07999999821186066,0.05338386818766594,0.09590411303979565,2.7520000410079954,0.24032511343868185
83,0.22645580597588275,0.003819892900045503,0.013542219507889669,0.0006649233277965352,0.23717979353959442,0.5668604651162791,0.6686475409836066,0.6686475409836066,0.4720701252775678,0.0688299760222435,0.07952892035245895,0.07925592559255926,0.800000011920929,0.800000011920929,0.07999999821186066,0.05338386818766594,0.09590411303979565,2.7520000410079954,0.23993446474180039
84,0.2284060345321405,0.00368341917294215,0.009009450185494344,0.0006722711461079002,0.2367286332806603,0.5697674418604651,0.6689344262295082,0.6689344262295082,0.47220237481134725,0.0688372552394867,0.0794740542769432,0.08244824482448244,0.800000011920929,0.800000011920929,0.07999999821186066,0.05338386818766594,0.09590411303979565,2.7520000410079954,0.24030659647850447
85,0.22816707780126666,0.0037044943863770267,0.00609273481808725,0.0008235310244165957,0.2350826458852799,0.563953488372093,0.6686475409836066,0.6686475409836066,0.47234246977459704,0.06891614198684692,0.07954848557710648,0.06517851785178518,0.800000011920929,0.800000011920929,0.07999999821186066,0.05338386818766594,0.09590411303979565,2.7520000410079954,0.23863566176653467
86,0.22845677200888023,0.0037242172087435838,0.010321164045666084,0.0007018971692992099,0.23748195293496865,0.561046511627907,0.6687295081967213,0.6687295081967213,0.47315535599795067,0.06887885928153992,0.07949375361204147,0.04754875487548755,0.8999999761581421,0.8999999761581421,0.09000000357627869,0.05338386818766594,0.09590411303979565,3.0959999179840088,0.24019784156757176
87,0.22877776207493955,0.003967048170915271,0.007037332495216464,0.0008694692475475051,0.23643736980977606,0.5697674418604651,0.6690573770491803,0.6690573770491803,0.4724960618776135,0.06881972402334213,0.07946816831827164,0.05375337533753375,0.800000011920929,0.800000011920929,0.07999999821186066,0.05338386818766594,0.09590411303979565,2.7520000410079954,0.23755458435631613
88,0.22671190099638017,0.0036516060678624227,0.012483394353604708,0.0006956326048611282,0.236744331287556,0.5668604651162791,0.6695491803278688,0.6695491803278688,0.4737093226064464,0.06862714141607285,0.07949020713567734,0.052733273327332734,0.800000011920929,0.800000011920929,0.07999999821186066,0.05338386818766594,0.09590411303979565,2.7520000410079954,0.23793787844682918
89,0.22712462407643677,0.0037397829687879345,0.010635643159268333,0.0007839208478575618,0.23633901432889406,0.5581395348837209,0.6690983606557377,0.6690983606557377,0.47274471908948595,0.06879624724388123,0.0795971229672432,0.07353135313531353,0.800000011920929,0.800000011920929,0.07999999821186066,0.07819420844316483,0.1404758864462216,2.7520000410079954,0.24854619970212824
90,0.22997460160099092,0.0038879235336160074,0.007268262202622461,0.0006413428150079228,0.237624926889529,0.561046511627907,0.6687704918032787,0.6687704918032787,0.4719950076829021,0.06884557753801346,0.07965827733278275,0.03441944194419442,0.800000011920929,0.800000011920929,0.07999999821186066,0.05338386818766594,0.09590411303979565,2.7520000410079954,0.23542076933909764
91,0.2278792398874877,0.0036606157893223352,0.012355945699039052,0.0006484891148188655,0.23784752776388263,0.561046511627907,0.6693442622950819,0.6693442622950819,0.47297060223088866,0.06867162883281708,0.07962225377559662,0.0318991899189919,0.8999999761581421,0.8999999761581421,0.09000000357627869,0.05338386818766594,0.09590411303979565,3.0959999179840088,0.23855898356509742
92,0.22792764618748523,0.003661034930283662,0.009019640747640953,0.000852713576679263,0.23626904482724237,0.563953488372093,0.6694262295081967,0.6694262295081967,0.47258656025334933,0.06873461604118347,0.07953993231058121,0.00784878487848785,0.8999999761581421,0.8999999761581421,0.09000000357627869,0.05338386818766594,0.09590411303979565,3.0959999179840088,0.23600032627003129
93,0.22632149545872798,0.003762830384686345,0.007472068254576355,0.0006157205442251011,0.23394350463249644,0.5668604651162791,0.6700819672131147,0.6700819672131147,0.4736608340344063,0.06857679784297943,0.07959769666194916,0.06624662466246625,0.800000011920929,0.800000011920929,0.07999999821186066,0.1876492202281952,0.33711180248928263,2.7520000410079954,0.28751135604142386
94,0.22753562766020416,0.003843355799841954,0.005778454366277476,0.0007750393541173849,0.23442321844765399,0.5668604651162791,0.6701639344262295,0.6701639344262295,0.4736279631199748,0.06856871396303177,0.079578697681427,0.07147914791479149,0.800000011920929,0.800000011920929,0.07999999821186066,0.1708526909351349,0.3069368395522568,2.7520000410079954,0.2819864674134786
95,0.2262112039034484,0.0036207728553563356,0.005068023490612624,0.0006533639664622405,0.23249666417231324,0.5668604651162791,0.6701229508196721,0.6701229508196721,0.4738416415754269,0.06855939328670502,0.0795738473534584,0.0640984098409841,0.800000011920929,0.800000011920929,0.07999999821186066,0.1708526909351349,0.3069368395522568,2.7520000410079954,0.2813338649882787
96,0.22781588625712473,0.0037693303101314383,0.008008555066390116,0.0007751962489908424,0.23574453323590952,0.563953488372093,0.6702049180327869,0.6702049180327869,0.4739094122495186,0.06861956417560577,0.07956190407276154,0.05746174617461746,0.800000011920929,0.800000011920929,0.07999999821186066,0.1876492202281952,0.33711180248928263,2.7520000410079954,0.2867322994786839
97,0.22990510673796544,0.0037947875661317443,0.00953741408273822,0.0009447789102598078,0.23865755610778683,0.563953488372093,0.6700409836065574,0.6700409836065574,0.4727388793298515,0.06868792325258255,0.07956629246473312,0.05825382538253825,0.800000011920929,0.800000011920929,0.07999999821186066,0.13426534831523895,0.2412076827570034,2.7520000410079954,0.2671624702851533
98,0.22933412208908893,0.003704491323318149,0.007277611215583613,0.0006116914730943686,0.23679975847728918,0.563953488372093,0.6700819672131147,0.6700819672131147,0.4725898684422559,0.0686858594417572,0.07951455563306808,0.0634983498349835,0.800000011920929,0.800000011920929,0.07999999821186066,0.21316280961036682,0.38294696287063645,2.7520000410079954,0.2959751743980862
99,0.22842834083760372,0.0037987146194505155,0.006462103885705354,0.0007195853381074171,0.23560202610297282,0.563953488372093,0.6702459016393443,0.6702459016393443,0.4728331926688867,0.06872477382421494,0.07951653003692627,0.05225322532253225,0.800000011920929,0.800000011920929,0.07999999821186066,0.1708526909351349,0.3069368395522568,2.7520000410079954,0.27974596697381743
100,0.22793633112164793,0.0037234252486683305,0.00844122219036837,0.0009403249045374009,0.2360684322040589,0.561046511627907,0.6704098360655738,0.6704098360655738,0.4727742293025743,0.06872589886188507,0.0794825479388237,0.05306930693069307,0.800000011920929,0.800000011920929,0.07999999821186066,0.1708526909351349,0.3069368395522568,2.7520000410079954,0.2798039897881086
101,0.22684824100283327,0.0038575451481385067,0.012829167432472354,0.000736440471435523,0.23726765958012128,0.5697674418604651,0.6705737704918033,0.6705737704918033,0.4740545497547525,0.06860113143920898,0.0794762372970581,0.06999099909991,0.800000011920929,0.800000011920929,0.07999999821186066,0.21316280961036682,0.38294696287063645,2.7520000410079954,0.29721031184957747
